kommune_nr,fylke,kommune,population,edr_homes,households,share_urban,area_km2,urban_area,pop_urban,share_urban2,centrality,ave_income,muni_net,muni_debt,muni_free_rev,employment,virksomheter,op_hq
101,Østfold,Halden,31177,14984,14865,0.866457555,595.35,16.08,27084,0.868717324,843,406200,3.7,125.2,53048,58.7,957,1
104,Østfold,Moss,32726,14791,15346,0.982150101,58.01,13.48,32218,0.984477174,932,434200,1.7,105.8,52751,60.5,1148,0
105,Østfold,Sarpsborg,55997,24706,25077,0.908156244,369.77,27.08,50977,0.91035234,887,410000,1.5,103.3,53207,60.1,1796,0
106,Østfold,Fredrikstad,81772,35547,36905,0.92505275,283.77,40.53,75674,0.925426796,884,427200,0.4,102.6,51253,61.4,2732,0
111,Østfold,Hvaler,4599,2119,2144,0.5261916,90.06,2.48,2818,0.6127419,725,471100,2.4,123.5,53745,59.1,166,0
118,Østfold,Aremark,1357,708,615,0.238700565,281.94,0,0,0,660,422700,4,116.5,71113,63.5,55,0
119,Østfold,Marker,3592,1746,1680,0.49255441,367.67,1.71,1848,0.514476615,742,412000,2.9,72.2,57949,63.8,141,0
121,Østfold,Rømskog,673,350,318,0,158.89,0,0,0,667,447400,-7.5,62.9,83207,69.8,37,0
122,Østfold,Trøgstad,5347,2392,2445,0.536789298,187.68,2.83,3057,0.571722461,799,422900,-1.6,97.5,57347,65.8,208,0
123,Østfold,Spydeberg,6042,2614,2627,0.719372129,133.48,2.88,4593,0.760178749,865,444800,-1.2,94.3,34663,66.4,232,0
124,Østfold,Askim,15865,6929,7149,0.900548499,66.07,7.52,14488,0.913205169,893,416900,2.1,94.5,53570,60.9,573,0
125,Østfold,Eidsberg,11424,4959,5240,0.684146833,228.77,5.74,7848,0.68697479,853,410800,0.8,93.7,55265,62.8,444,0
127,Østfold,Skiptvet,3797,1548,1600,0.47606727,93.04,1.15,1720,0.452989202,789,419800,1.2,38,56954,67,117,0
128,Østfold,Rakkestad,8230,3717,3635,0.596448749,420.66,3.84,5053,0.613973269,794,437400,3.5,102,57730,64.4,334,0
135,Østfold,Råde,7542,3096,3195,0.739172592,105.35,5.01,5750,0.762397242,838,441800,1.8,102.5,52450,65.4,284,0
136,Østfold,Rygge,16145,6961,7044,0.890101997,69.74,8.75,14683,0.909445649,890,453200,0.6,105.1,51499,63.9,586,1
137,Østfold,Våler (Østfold),5593,2212,2307,0.564195298,238.88,2.22,3778,0.675487216,822,457800,-0.1,63.1,51043,69.2,139,0
138,Østfold,Hobøl,5642,2412,2450,0.647863957,139.39,2.22,3995,0.70808224,845,439400,-0.7,54.1,35775,69.5,143,0
211,Akershus,Vestby,17824,6972,7396,0.807890961,133.65,7.81,15044,0.844030521,880,492500,5.5,140.9,52782,67.4,666,0
213,Akershus,Ski,30843,12201,12640,0.88746824,161.71,11.88,27660,0.896799922,914,502200,1,142.9,54829,68.7,1097,0
214,Akershus,Ås,20335,8739,9629,0.871610024,101.26,8.77,17152,0.843471847,899,448100,1.2,132.5,50655,67.7,695,1
215,Akershus,Frogn,15761,6598,7001,0.871324644,84.69,6.1,13393,0.849755726,906,538800,0.5,139.8,53968,67.2,586,0
216,Akershus,Nesodden,19488,7376,8100,0.87079718,60.75,9.13,17374,0.891522989,855,503300,3.2,87.8,51763,68.5,474,0
217,Akershus,Oppegård,27394,11226,11254,0.982095136,34.27,10.25,26927,0.982952471,929,554200,1,99.6,55877,68.8,833,0
219,Akershus,Bærum,126841,50825,53245,0.987840151,188.76,47.71,125386,0.988528946,971,642500,5.3,60.7,61758,69.9,4813,1
220,Akershus,Asker,61523,23992,25036,0.975950317,96.84,32.89,60485,0.983128261,936,601400,3.8,108.7,60402,69.1,2184,0
221,Akershus,Aurskog-Høland,16500,7438,7354,0.585063359,893.68,7.58,9845,0.596666667,799,424300,1.3,112.9,51974,66.9,496,1
226,Akershus,Sørum,18263,6977,7333,0.791857798,199.93,7.22,15022,0.822537371,869,487500,1,165.6,53438,71.4,489,0
227,Akershus,Fet,11842,4588,4789,0.760462075,137.91,4.69,9254,0.781455835,880,500200,-1.5,146.9,51867,71.2,299,0
228,Akershus,Rælingen,18161,7335,7659,0.959776384,56.44,5.91,17497,0.963438137,942,492400,3.4,138.4,51855,70.9,323,0
229,Akershus,Enebakk,11026,4149,4506,0.782734507,195.45,4.47,8680,0.787230183,817,455700,0.2,148,51650,68,281,0
230,Akershus,Lørenskog,40106,16551,17238,0.969125733,67.27,12.73,39735,0.990749514,976,495200,3.4,141.2,49705,68.8,1112,0
231,Akershus,Skedsmo,55652,22375,24529,0.947573076,75.03,21.28,54630,0.98163588,973,483500,0.7,90.2,51275,68.6,2171,1
233,Akershus,Nittedal,24089,9480,9655,0.918248945,179.44,9.85,22496,0.933870231,885,514500,2,88.4,52922,71.1,614,1
234,Akershus,Gjerdrum,6823,2583,2773,0.679318358,82.17,2.18,5033,0.737652059,887,529400,3.2,118.3,54000,71.4,203,0
235,Akershus,Ullensaker,38234,15887,16417,0.850560242,250.36,14.6,34787,0.909844641,909,475300,-0.9,165.5,49754,69.5,1409,0
236,Akershus,Nes (Akershus),21885,9502,9407,0.615093148,608.94,9.1,14686,0.671053233,817,444900,-0.2,81.5,51007,67.9,557,0
237,Akershus,Eidsvoll,24919,10292,10821,0.748615295,385.56,13.5,20081,0.805850957,847,440100,0.6,114.8,51931,67,644,0
238,Akershus,Nannestad,13682,5585,5681,0.664398281,324.25,5.83,10325,0.754641134,833,450500,2.8,124.8,50476,69.9,293,0
239,Akershus,Hurdal,2864,1355,1320,0.330132939,261.02,1.1,1105,0.385824022,730,419600,3.4,97.9,59755,64.7,91,0
301,Oslo,Oslo kommune,681071,326588,345670,0.997473827,426.39,131.45,677139,0.99422674,1000,529400,5.2,77.5,64549,69.3,27740,1
402,Hedmark,Kongsvinger,17823,9088,8741,0.717319542,952.78,9.33,13078,0.73377097,799,415900,2.1,118.2,55215,58.6,692,0
403,Hedmark,Hamar,31144,14704,15295,0.887898782,337.62,13.39,27613,0.886623427,876,447200,3.2,110.6,52488,64.9,1417,0
412,Hedmark,Ringsaker,34488,15691,15466,0.506596979,1122.56,14.57,18692,0.541985618,786,422100,1.4,111.6,51738,67.2,1176,0
415,Hedmark,Løten,7663,3545,3441,0.536530324,362.3,3.75,4709,0.614511288,792,404400,5.2,79.8,53339,64.8,201,0
417,Hedmark,Stange,20916,9521,9425,0.61039916,640.97,8.68,12998,0.621438133,814,421200,1.5,95.2,51575,65,541,0
418,Hedmark,Nord-Odal,5024,2571,2366,0.261969638,475.43,1.9,1481,0.294785032,718,393400,-2.6,125,59973,60.8,150,0
419,Hedmark,Sør-Odal,7879,3929,3667,0.367778061,479.04,3.2,3077,0.390531793,779,414100,-0.2,104.1,53239,63.6,248,0
420,Hedmark,Eidskog,6114,3248,3010,0.344827586,603.36,2.88,2308,0.377494275,698,377000,1,90.1,60021,58.8,209,0
423,Hedmark,Grue,4646,2814,2392,0.284139403,777.57,2.01,1256,0.270340077,668,386500,2.1,89,62480,58.5,223,0
425,Hedmark,Åsnes,7214,4194,3562,0.244990458,1004.06,2.81,2292,0.317715553,669,390700,-0.7,72.8,61213,61.1,292,0
426,Hedmark,Våler (Hedmark),3705,2092,1809,0.34082218,677.69,2.3,1421,0.383535762,669,394200,-5,79.5,59952,61.1,141,0
427,Hedmark,Elverum,21191,10403,10085,0.691020958,1209.14,12.24,15532,0.732952669,762,419200,0.1,155.2,53389,64.8,778,0
428,Hedmark,Trysil,6607,3739,3133,0.370618143,2940.76,3.61,2845,0.430603905,609,390500,-2.4,90.6,60194,64.3,316,0
429,Hedmark,Åmot,4407,2342,2290,0.470940171,1293.32,1.99,2263,0.513501248,627,389600,-3.2,109.3,60749,62.5,180,0
430,Hedmark,Stor-Elvdal,2459,1844,1313,0.30802603,2126.99,1.97,1160,0.471736478,552,369300,4.4,59.9,68316,59.6,133,0
432,Hedmark,Rendalen,1791,1205,905,0.1325,3060.84,0.49,269,0.150195422,491,380100,6.1,66.8,73506,61,72,0
434,Hedmark,Engerdal,1286,798,597,0,1915.89,0,0,0,438,372100,-4.7,62.8,80439,63.7,85,0
436,Hedmark,Tolga,1551,840,651,0.367857143,1097.26,0.97,555,0.357833656,559,382500,2.1,85.8,72549,70,84,0
437,Hedmark,Tynset,5591,2852,2436,0.48684672,1822.7,2.9,2810,0.502593454,660,410800,2.7,80,61173,71.1,287,0
438,Hedmark,Alvdal,2418,1175,1046,0.309787234,919.14,1.31,714,0.29528536,584,413800,-0.1,100.1,65530,74.7,134,0
439,Hedmark,Folldal,1577,969,741,0.311661507,1260.07,0.94,549,0.34812936,518,390100,-0.9,76.4,70968,67.8,84,0
441,Hedmark,Os (Hedmark),1912,1027,850,0.307692308,1006.74,1,693,0.362447699,578,387700,3,92.4,68707,70.1,84,0
501,Oppland,Lillehammer,28023,15002,14347,0.83162245,450.92,14.24,24196,0.863433608,823,447000,1.2,110.4,52407,68.4,1100,1
502,Oppland,Gjøvik,30676,15111,15034,0.765056254,630.03,16.15,23745,0.774057895,803,428600,0.8,91.1,51863,64.6,1197,0
511,Oppland,Dovre,2615,1316,1229,0.431610942,1349.21,1.56,1212,0.463479924,580,392300,-1.5,83.9,64354,66.2,169,0
512,Oppland,Lesja,2009,1058,882,0,2169.14,0.39,226,0.112493778,542,408600,0.1,91.3,69397,71.3,110,0
513,Oppland,Skjåk,2204,1284,1004,0.254091972,1966.75,1.19,639,0.289927405,562,391300,1.6,108.8,61470,67.5,147,0
514,Oppland,Lom,2293,1319,1037,0.335356601,1889.12,1.46,864,0.376798953,572,395600,2.7,99.6,63321,70.7,145,0
515,Oppland,Vågå,3589,1865,1613,0.486587983,1252.59,2.02,1818,0.506547785,623,401600,0.3,100.7,62992,69.8,184,0
516,Oppland,Nord-Fron,5742,3144,2697,0.551241248,1091.99,4.21,3459,0.602403344,652,414600,-1.6,89,58545,66.4,280,0
517,Oppland,Sel,5789,2927,2645,0.551712329,888.33,2.85,3064,0.529279668,637,371900,-0.9,83.1,60621,64.2,326,0
519,Oppland,Sør-Fron,3127,1596,1406,0.352793471,711.53,1.8,1210,0.38695235,620,411900,1.4,69.5,61006,68,134,0
520,Oppland,Ringebu,4425,2304,2024,0.438992618,1221.6,2.8,2070,0.46779661,658,401500,0.3,111.9,60583,67.1,232,0
521,Oppland,Øyer,5119,2271,2302,0.517667845,616.25,3.4,2920,0.570423911,699,421000,3.4,119.3,56137,68.3,184,0
522,Oppland,Gausdal,6112,3017,2761,0.383388704,1146.36,2.94,2724,0.445680628,686,415700,0,126.2,56293,70.7,221,0
528,Oppland,Østre Toten,14948,7049,6864,0.430618615,485.47,6.52,6453,0.431696548,731,424100,1,120.8,53908,65.9,481,0
529,Oppland,Vestre Toten,13384,6362,6291,0.693806979,231.35,8.83,9826,0.734160191,769,419600,0.8,153.2,52020,65.3,371,0
532,Oppland,Jevnaker,6846,3180,3072,0.658176101,194.36,4.01,4954,0.723634239,778,422800,0.9,98,52778,66,178,0
533,Oppland,Lunner,9051,4029,3957,0.606105733,271.71,4.23,5772,0.637719589,785,456700,-1.1,104.1,53723,67.6,249,0
534,Oppland,Gran,13642,6406,6138,0.444878201,656.67,6.88,6441,0.472144847,784,435600,2.5,82.9,55712,65.6,583,0
536,Oppland,Søndre Land,5623,2977,2673,0.327725437,659.15,2.28,2058,0.365996799,676,389700,-1.1,73.8,57353,62.1,169,0
538,Oppland,Nordre Land,6671,3516,3088,0.387482219,920.49,3.34,2966,0.444611003,683,389200,0.9,71.1,57581,64.8,289,0
540,Oppland,Sør-Aurdal,2981,1693,1397,0.185579196,1068.24,0.82,654,0.219389467,579,388700,0.7,81.6,68330,67.4,138,0
541,Oppland,Etnedal,1305,808,628,0,442.75,0.42,249,0.190804598,587,386800,-3.5,72.6,78861,69.3,61,0
542,Oppland,Nord-Aurdal,6418,3368,3060,0.515205725,849.09,3.83,3439,0.535836709,672,413700,3.2,81.3,55943,70.3,445,0
543,Oppland,Vestre Slidre,2135,1231,1004,0.257514216,421.02,0.94,610,0.285714286,598,441600,7.4,63.8,63390,71,111,0
544,Oppland,Øystre Slidre,3208,1641,1452,0.258379037,880.75,2.12,867,0.270261845,601,437300,6.6,82.4,60513,73.9,184,0
545,Oppland,Vang,1610,883,689,0,1311.1,0,0,0,522,380600,2.2,85.2,70976,73.6,111,0
602,Buskerud,Drammen,68933,31621,31972,0.979505993,134.78,24,67501,0.979226205,933,456100,3.8,126.4,53902,64.8,2768,1
604,Buskerud,Kongsberg,27481,12778,12851,0.852536005,754.41,14.77,23313,0.848331575,850,481100,1.8,158.4,53116,66.1,939,0
605,Buskerud,Ringerike,30442,15047,14603,0.699674354,1421.86,13.83,21248,0.69798305,815,429200,1,100.6,51911,64.5,1165,0
612,Buskerud,Hole,6845,2734,2859,0.631675201,134.64,3.04,4435,0.647918188,800,540000,2.1,68.9,55587,69.2,235,0
615,Buskerud,Flå,1052,658,507,0,670.74,0,0,0,563,423200,3.2,78.2,76091,70,80,0
616,Buskerud,Nes (Buskerud),3315,1817,1565,0.595814978,771.55,2.63,2126,0.6413273,660,427000,-1.2,66.7,61429,68.8,187,0
617,Buskerud,Gol,4576,2538,2217,0.589976322,514.06,3.32,2915,0.637019231,697,436600,-0.3,90.9,61251,71.7,324,1
618,Buskerud,Hemsedal,2481,1280,1117,0.501174628,711.75,1.62,1405,0.56630391,629,459300,1.9,77.6,61460,73.5,171,0
619,Buskerud,Ål,4671,2376,2119,0.545875421,1081.49,3.47,2710,0.580175551,662,438900,3.9,65.4,61360,71.3,271,0
620,Buskerud,Hol,4473,2492,2128,0.586276083,1653.33,3.66,2828,0.632237872,640,464600,-0.9,76.9,58926,72.3,277,1
621,Buskerud,Sigdal,3490,1905,1655,0.127559055,811.27,0.69,501,0.143553009,662,438700,1.6,69.8,61328,72.2,203,0
622,Buskerud,Krødsherad,2239,1089,1013,0.404040404,339.75,1.31,974,0.435015632,622,459600,8.2,85.3,65511,68.6,120,0
623,Buskerud,Modum,13980,6497,6428,0.67215638,463.14,8.5,9992,0.714735336,812,428100,1.6,87.1,53352,65,478,1
624,Buskerud,Øvre Eiker,19117,8138,8309,0.739338823,417.92,10.68,15088,0.789245174,856,445200,1.1,92.1,51785,67.3,634,0
625,Buskerud,Nedre Eiker,24963,9839,10446,0.970722781,114.09,10.68,24375,0.976445139,897,439600,2.7,103.8,52341,65.9,692,0
626,Buskerud,Lier,26373,10582,10973,0.822589792,281.9,13.36,22065,0.83665112,896,511100,2.3,101.9,54186,68.8,1073,1
627,Buskerud,Røyken,22635,8463,9199,0.863169089,111.26,11.25,19962,0.881908549,883,494500,0.8,41,53301,70,616,0
628,Buskerud,Hurum,9521,4317,4212,0.826691381,156.34,6.38,7880,0.827644155,810,449800,-3.2,94.4,53072,63,320,0
631,Buskerud,Flesberg,2694,1346,1183,0.316220238,537.79,0.94,953,0.353749072,703,459700,0.6,118.7,63265,69.4,98,1
632,Buskerud,Rollag,1419,820,635,0.196782178,429.81,0.58,324,0.22832981,588,412400,0,50.2,74401,69.4,93,0
633,Buskerud,Nore og Uvdal,2448,1428,1090,0.152661064,2265.78,0.63,484,0.197712418,537,413900,-0.7,54.6,71328,75.4,158,0
701,Vestfold,Horten,27334,12167,13014,0.93194707,68.52,11.76,25852,0.94578181,889,418400,2.9,115.3,52713,60.7,816,0
704,Vestfold,Tønsberg,45976,20709,21394,0.945141974,109.07,21.89,43775,0.952127197,891,465300,0.8,92.2,52206,66.5,2121,0
710,Vestfold,Sandefjord,63271,27210,28261,0.868136714,414.25,30.97,55181,0.872137314,870,434400,4.2,36.3,52361,63.3,2409,1
711,Vestfold,Svelvik,6685,2862,3028,0.897274633,56.25,3.77,6001,0.897681376,761,431700,-1.4,92.6,51958,62.5,176,0
712,Vestfold,Larvik,47107,21283,21781,0.808091725,771.52,23.48,38245,0.811875093,850,428100,-0.3,116.7,53231,62.7,1713,0
713,Vestfold,Sande (Vestfold),9904,4192,4206,0.669768552,174.26,3.84,6700,0.676494346,851,461000,1.5,102.1,52711,67.9,336,0
715,Vestfold,Holmestrand,14371,6424,6552,0.784713574,232.81,6.98,11112,0.773223854,842,441700,-2.1,119.5,52502,64.1,515,0
716,Vestfold,Re,9730,4027,4139,0.43219076,222.37,3.25,4853,0.498766701,821,443300,-1.9,122.1,53407,69.6,365,0
729,Vestfold,Færder,26700,12005,11911,0.864545152,99.72,15.85,23452,0.87835206,843,474700,0.5,117.2,54120,62.9,763,0
805,Telemark,Porsgrunn,36224,16855,17083,0.954669515,160.78,21.31,34538,0.953456272,860,441700,0.7,111.5,51652,62.6,1255,0
806,Telemark,Skien,54645,25107,25202,0.899745081,719.05,26.5,49528,0.906359228,846,427400,2,97.1,52358,62.5,1871,0
807,Telemark,Notodden,12682,6365,6066,0.729101194,851.2,7.55,9354,0.737580823,762,413100,-0.4,109.9,57045,61.2,506,1
811,Telemark,Siljan,2329,1059,997,0.542020774,202.2,0.88,1183,0.507943323,666,432000,3.8,59.5,59726,67.1,72,0
814,Telemark,Bamble,14089,6239,6159,0.785668483,282.38,8.28,11765,0.835048619,775,440500,1.1,92.3,52169,62,494,0
815,Telemark,Kragerø,10406,5495,5014,0.722292994,288.64,5.53,7991,0.767922352,741,407200,0.1,125.3,56707,59.1,472,1
817,Telemark,Drangedal,4080,2052,1856,0.381091618,995.28,1.9,1591,0.38995098,633,394900,0.2,158.3,63517,61.8,171,1
819,Telemark,Nome,6538,3261,3016,0.560564244,385.42,3.85,3841,0.587488529,713,398900,0.5,93.1,58405,63,204,0
821,Telemark,Bø (Telemark),6630,3499,3531,0.618462418,258.25,4.17,3956,0.59668175,747,388800,0.2,85.6,54047,60.3,288,0
822,Telemark,Sauherad,4293,2138,1911,0.371896956,289.61,1.88,1687,0.392965292,709,412000,1.3,94.2,58235,63,148,1
826,Telemark,Tinn,5780,3540,2805,0.651412429,1848.01,3.28,3874,0.670242215,599,418800,1.2,58.4,63551,64.9,262,1
827,Telemark,Hjartdal,1572,912,681,0,737.13,0,0,0,589,425800,2.9,71.6,72027,66.9,79,0
828,Telemark,Seljord,2934,1617,1335,0.467821782,669.27,2.14,1428,0.486707566,638,422900,0.3,88.3,63827,66,181,0
829,Telemark,Kviteseid,2403,1381,1129,0.243478261,623.04,1.34,790,0.328755722,608,418500,3.1,51.2,65005,66.7,132,0
830,Telemark,Nissedal,1476,777,656,0.325611326,785.91,1.02,568,0.384823848,538,414900,-0.5,87.7,71944,70.5,91,0
831,Telemark,Fyresdal,1286,678,592,0.29098966,1106.8,0.62,387,0.300933126,466,410300,4.3,39.3,76807,66,67,0
833,Telemark,Tokke,2228,1317,1011,0.23690205,904.58,0.76,607,0.272441652,544,432700,4.5,57,65683,68.5,115,1
834,Telemark,Vinje,3723,2037,1722,0.264604811,2724.84,1.89,1178,0.316411496,553,438700,2.7,98.5,65768,71.8,217,0
901,Aust-Agder,Risør,6848,3596,3219,0.653129346,179.03,2.92,4620,0.674649533,704,409500,0.2,109.6,56803,59.1,281,0
904,Aust-Agder,Grimstad,23246,10378,10619,0.825621747,272.36,14.91,20109,0.865052052,812,429900,0.2,98.4,51900,63.7,792,0
906,Aust-Agder,Arendal,44785,20557,20407,0.864899051,255.13,28.7,39052,0.871988389,803,429500,1.8,120.8,52263,60.5,1634,0
911,Aust-Agder,Gjerstad,2454,1207,1124,0.331390508,307.65,1.17,851,0.346780766,661,380800,1.7,141.8,63507,60.6,106,0
912,Aust-Agder,Vegårshei,2093,984,904,0.328252033,321.78,1.16,1036,0.494983278,583,406000,1.2,96.6,66213,66.1,88,0
914,Aust-Agder,Tvedestrand,6069,3057,2764,0.38690671,203.94,2.61,2855,0.470423464,711,413900,1.1,105.2,58500,59,294,0
919,Aust-Agder,Froland,5845,2597,2463,0.484393064,601.02,2.58,3139,0.537040205,701,406500,-0.7,128.4,54601,64.6,178,0
926,Aust-Agder,Lillesand,10990,4778,4575,0.723827471,180.39,5.35,8267,0.752229299,787,453700,1.1,133.6,37414,65.7,427,0
928,Aust-Agder,Birkenes,5212,2187,2142,0.574302698,596.07,2.06,2934,0.562931696,711,414500,-0.3,103.5,56822,67.3,167,0
929,Aust-Agder,Åmli,1848,1057,823,0.313150426,1058.43,0.8,690,0.373376623,574,393200,1.4,96.5,74954,61.6,105,0
935,Aust-Agder,Iveland,1326,602,555,0,246.3,0,0,0,634,402300,2.9,46.9,69560,64.1,45,0
937,Aust-Agder,Evje og Hornnes,3638,1681,1575,0.679952409,548.57,3.18,2501,0.68746564,691,402400,2.2,77.2,59460,65.3,198,0
938,Aust-Agder,Bygland,1192,789,545,0.25982256,1150.34,0.94,607,0.509228188,564,410800,-0.3,80,77667,62,64,0
940,Aust-Agder,Valle,1156,796,536,0.18718593,1129.81,0,0,0,485,424900,3,78.7,75952,68.6,80,0
941,Aust-Agder,Bykle,953,617,430,0.742301459,1253.92,1.09,638,0.669464848,472,509400,6.4,29.4,89142,76.4,95,1
1001,Vest-Agder,Kristiansand,92282,40979,42789,0.957710047,259.16,37.34,89397,0.968737132,857,431600,2,115.7,52029,64.3,3514,0
1002,Vest-Agder,Mandal,15659,7042,6922,0.783207842,210.63,7.78,12340,0.788045214,783,429600,2.7,96.5,55134,63,614,0
1003,Vest-Agder,Farsund,9695,4702,4216,0.667730949,251.85,5.77,6514,0.671892728,695,424100,3.6,108.9,55014,66.4,374,0
1004,Vest-Agder,Flekkefjord,9066,4185,3942,0.709199522,482.18,4.25,6684,0.737260093,690,434300,2.7,87.1,59172,65.1,369,0
1014,Vest-Agder,Vennesla,14630,6032,6248,0.817639257,362.05,6.95,12146,0.830211893,765,402700,0.9,74.9,54012,64.9,403,0
1017,Vest-Agder,Songdalen,6706,2805,2849,0.70256776,206.22,3.49,4974,0.741723829,764,400600,0.5,109,55739,64.7,270,0
1018,Vest-Agder,Søgne,11403,4994,4754,0.845814978,144.17,6.26,9957,0.873191265,785,440500,0.3,84.4,51431,66,356,0
1021,Vest-Agder,Marnardal,2297,1107,988,0.151898734,375.89,0.38,382,0.166303875,647,421100,-8.5,54,67944,66,96,0
1026,Vest-Agder,Åseral,939,441,387,0,797.72,0,0,0,549,415400,11.7,52.9,81328,76,58,0
1027,Vest-Agder,Audnedal,1780,842,716,0.134363853,236.05,0.31,279,0.156741573,613,416500,-3,69.6,70009,70.6,69,0
1029,Vest-Agder,Lindesnes,4953,2353,2136,0.49702381,297.36,2.17,2614,0.527760953,686,417700,0.8,109.5,59090,64.1,212,0
1032,Vest-Agder,Lyngdal,8609,3489,3543,0.651476068,370.09,4.44,5677,0.659426182,713,411800,1.9,87.7,57179,65.5,375,0
1034,Vest-Agder,Hægebostad,1683,770,679,0,424.25,0.35,227,0.134878194,600,436200,0.3,81.1,69072,74.1,91,0
1037,Vest-Agder,Kvinesdal,6048,2979,2680,0.481867025,886.47,2.49,2940,0.486111111,657,420800,2.2,77.9,59704,65.3,253,0
1046,Vest-Agder,Sirdal,1839,953,777,0.430220357,1372.84,1.19,894,0.486133768,602,487200,-1.1,87.4,78023,71.4,122,0
1101,Rogaland,Eigersund,14830,6653,6352,0.804119062,387.39,7.47,12280,0.828051247,753,453400,-0.3,91.4,54185,66.7,542,0
1102,Rogaland,Sandnes,77246,30884,32057,0.921091827,285.07,27.92,73069,0.945926003,887,494200,3,116.9,52410,69.3,2594,0
1103,Rogaland,Stavanger,134037,60162,60990,0.991356239,68.12,41.95,132771,0.990554847,908,538500,3.7,105.8,54264,66.8,4602,1
1106,Rogaland,Haugesund,37250,17416,17574,0.967556704,68.37,15.38,36332,0.975355705,831,453800,2.9,84.8,52943,64.5,1490,1
1111,Rogaland,Sokndal,3305,1862,1418,0.54970446,267.15,1.64,2165,0.655068079,664,432800,3.1,93.3,62438,67,115,1
1112,Rogaland,Lund,3213,1499,1321,0.567044696,353.91,1.6,1926,0.599439776,637,422000,-2.4,92.7,60650,66.8,101,0
1114,Rogaland,Bjerkreim,2807,1212,1046,0.349834983,577.3,0.95,1017,0.362308514,697,451900,2.7,55,61657,75,117,0
1119,Rogaland,Hå,18814,7483,7489,0.795080872,247.78,7.45,15025,0.79860742,786,453500,4.3,96.3,52049,72.9,536,0
1120,Rogaland,Klepp,19354,7583,7713,0.789550073,102.35,7.21,15732,0.812855224,854,476400,3,84.1,51691,72.3,714,1
1121,Rogaland,Time,18795,7727,7741,0.873365273,170.88,7.07,16573,0.881777068,843,487900,0.4,114.6,52464,72.3,669,1
1122,Rogaland,Gjesdal,11899,4651,4611,0.87228553,558.21,5.07,10653,0.895285318,807,461900,3.3,112.7,53595,72.8,406,0
1124,Rogaland,Sola,26582,11087,10759,0.880671056,68.82,12.97,23761,0.893875555,872,554200,3.8,113.6,54793,71,1023,0
1127,Rogaland,Randaberg,11053,4327,4379,0.855755895,24.12,3.43,9609,0.869356736,877,515600,-0.2,154.4,54217,69.2,334,0
1129,Rogaland,Forsand,1193,569,476,0.377855888,698.83,0.6,527,0.441743504,651,447500,-0.4,84.8,81574,67.4,72,0
1130,Rogaland,Strand,12720,5441,5214,0.783783784,195.27,6.23,10442,0.82091195,722,454200,3.3,96.2,55234,68.2,339,0
1133,Rogaland,Hjelmeland,2684,1378,1101,0.214233842,968.62,0.69,592,0.220566319,540,461300,8.6,94.6,69486,71.3,133,0
1134,Rogaland,Suldal,3794,2073,1586,0.288470815,1582.53,1.03,1173,0.309172377,528,440700,10.5,53.4,69574,71.9,179,0
1135,Rogaland,Sauda,4597,2412,2039,0.883036085,507.5,4.06,4174,0.907983467,632,444700,3.2,91.1,63240,67.5,184,0
1141,Rogaland,Finnøy,3150,1530,1261,0.250326797,102.9,0.74,850,0.26984127,632,470900,9.5,96.4,65661,73.9,158,0
1142,Rogaland,Rennesøy,4847,2039,1863,0.453163315,64.9,1.43,2517,0.519290283,730,514200,3.3,137.2,58978,72.4,132,0
1144,Rogaland,Kvitsøy,516,231,218,0.748917749,6.28,0.35,374,0.724806202,507,445500,8,60.9,93397,73.8,36,0
1145,Rogaland,Bokn,840,418,350,0.291866029,44.57,0.31,276,0.328571429,626,446700,9,145.1,80725,69.1,40,0
1146,Rogaland,Tysvær,11028,4763,4284,0.544727426,399.85,4.61,6532,0.592310482,723,459700,9,113.3,56082,68.8,345,0
1149,Rogaland,Karmøy,42161,18545,17621,0.87785148,219.54,25.1,37072,0.879296032,764,445900,2.6,74.5,52247,65.1,1225,0
1151,Rogaland,Utsira,196,91,85,0,6.3,0,0,0,315,461900,11.4,71.2,171434,68.5,17,0
1160,Rogaland,Vindafjord,8743,4174,3599,0.383377372,598.72,3.92,3731,0.426741393,658,450700,2.1,63.3,59930,72.6,366,0
1201,Hordaland,Bergen,281190,136775,138848,0.975865296,444.99,97.4,274891,0.977598777,902,477100,4.3,87.5,52518,67.6,9813,1
1211,Hordaland,Etne,4077,1988,1723,0.429290388,691.16,2.18,1854,0.454746137,613,439700,5.4,99.9,60803,70,183,1
1216,Hordaland,Sveio,5721,2750,2279,0.261913423,224.27,1.17,1894,0.331061003,679,439700,5.4,96.7,58158,67.2,157,0
1219,Hordaland,Bømlo,11960,5526,4834,0.603438914,235.44,7.56,7121,0.595401338,645,449500,2.6,93.4,56691,67.1,345,1
1221,Hordaland,Stord,18699,9117,7935,0.936814392,137.45,12.41,17545,0.93828547,734,445600,0.2,148.2,53058,67.9,618,0
1222,Hordaland,Fitjar,3201,1406,1257,0.499644128,134.48,1.46,1751,0.547016557,593,437400,5.4,76.6,60429,67.1,100,1
1223,Hordaland,Tysnes,2846,1688,1278,0.313388626,245.17,1.48,1099,0.386156008,572,457100,3.5,71.8,66743,65.9,115,1
1224,Hordaland,Kvinnherad,13137,6396,5662,0.60938233,1042.68,8.47,8285,0.63066149,593,429700,2,128.6,57346,66.1,460,1
1227,Hordaland,Jondal,1087,587,472,0.352640545,234.73,0.6,397,0.365225391,484,421600,10.8,59.1,80061,67.4,50,0
1228,Hordaland,Odda,6745,3789,3204,0.919218585,1475.43,4.41,6163,0.913713862,659,430500,4.2,71.8,61548,67.1,300,1
1231,Hordaland,Ullensvang,3320,1833,1423,0.323513366,1284.87,0.68,555,0.167168675,532,421500,-3.7,61.6,68953,70.4,196,0
1232,Hordaland,Eidfjord,906,554,418,0.494584838,1382,0.72,544,0.600441501,547,461300,8.2,71.8,82675,74.6,68,0
1233,Hordaland,Ulvik,1093,621,460,0.452495974,663.39,0.62,534,0.488563586,552,391400,0,82.8,81862,67.2,57,0
1234,Hordaland,Granvin,937,534,421,0.453183521,203.87,0.71,485,0.517609392,591,412600,2.8,85.6,74634,71.7,33,0
1235,Hordaland,Voss,14606,7413,6308,0.57520572,1729.15,5.67,9066,0.62070382,737,437500,-0.5,94.3,57908,70.9,688,1
1238,Hordaland,Kvam,8441,3968,3541,0.612862547,580.4,6.32,5885,0.697192276,677,435000,4.7,127.3,60844,69.5,337,1
1241,Hordaland,Fusa,3861,1888,1587,0.136652542,353.71,0.72,539,0.13960114,618,462500,6.2,96.5,63748,69,185,1
1242,Hordaland,Samnanger,2465,1197,1047,0.406850459,257.4,0.88,1068,0.43326572,690,424800,1.4,100.1,62116,65.5,62,0
1243,Hordaland,Os (Hordaland),20804,8480,8420,0.810332626,133.51,11.83,18090,0.869544318,788,469800,6.4,134.1,40996,68.5,598,0
1244,Hordaland,Austevoll,5212,2317,2028,0.331894691,114.24,2.41,2165,0.415387567,595,593200,6.1,114.9,65293,73.3,252,1
1245,Hordaland,Sund,7062,2875,2793,0.530782609,94.7,3.48,3910,0.553667516,694,448100,3.2,119.3,56530,65.6,166,0
1246,Hordaland,Fjell,26166,10080,10356,0.714980159,141.19,13.59,20213,0.772491019,814,475000,-3.3,116.6,50269,67.1,859,0
1247,Hordaland,Askøy,29275,11500,11268,0.865570347,94.42,16.99,25737,0.879146029,814,455100,-0.3,142.8,53484,68.1,676,0
1251,Hordaland,Vaksdal,4045,1973,1790,0.705524582,682.26,1.79,2951,0.729542645,650,402200,3.5,83.6,64474,64.8,118,0
1252,Hordaland,Modalen,380,189,149,0,379.11,0,0,0,527,429500,-1.7,30.1,118779,65.7,33,0
1253,Hordaland,Osterøy,8120,3589,3343,0.453886877,243.69,3.43,3981,0.490270936,712,424100,3.1,93.5,53637,68.1,251,0
1256,Hordaland,Meland,8187,3242,3197,0.632602655,87.53,3.3,5581,0.681690485,768,457200,0.8,106.3,54662,69.8,178,0
1259,Hordaland,Øygarden,4889,2197,1966,0.418752845,64.44,2.7,3280,0.670893843,695,428700,6.2,82.5,57393,62.9,128,0
1260,Hordaland,Radøy,5091,2354,2139,0.360662702,106.8,2.03,1988,0.390493027,677,413700,3.6,70,57867,64.8,156,0
1263,Hordaland,Lindås,15812,6644,6512,0.493367501,456.14,5.29,8331,0.52687832,742,456600,2.9,106.9,53974,66,514,0
1264,Hordaland,Austrheim,2887,1429,1236,0.351294612,56.82,1.58,1114,0.385867683,660,461400,0.4,104.4,61905,63.3,115,0
1265,Hordaland,Fedje,562,307,242,0.732899023,8.95,0.63,440,0.782918149,431,437400,0.5,46.7,101448,60.6,29,0
1266,Hordaland,Masfjorden,1711,910,714,0,509.47,0,0,0,544,441700,3.4,30.9,74764,71.6,63,0
1401,Sogn og Fjordane,Flora,11852,5396,5012,0.800963677,647.48,7.34,10013,0.844836315,706,453900,-0.5,135.1,57707,67.7,482,0
1411,Sogn og Fjordane,Gulen,2322,1127,1002,0.225377107,575.11,0.79,609,0.262273902,478,438300,11.4,59,72071,71,132,0
1412,Sogn og Fjordane,Solund,820,430,366,0.290697674,219.11,0.26,334,0.407317073,368,433700,17.4,88.9,85185,67.5,56,0
1413,Sogn og Fjordane,Hyllestad,1366,839,619,0,247.77,0,0,0,505,391100,8.4,89.8,73401,67.6,73,0
1416,Sogn og Fjordane,Høyanger,4091,2311,1848,0.647771527,837.3,1.91,2696,0.659007578,565,424700,0.5,104.3,63794,64.8,164,0
1417,Sogn og Fjordane,Vik,2672,1409,1163,0.444602273,795.61,1.37,1245,0.465943114,536,424200,2.3,92,68393,72.2,153,0
1418,Sogn og Fjordane,Balestrand,1279,726,565,0.570441989,410.51,1.06,824,0.644253323,547,400600,-3.1,52.5,75077,69.8,75,0
1419,Sogn og Fjordane,Leikanger,2331,1152,942,0.873263889,177.44,1.96,2144,0.91977692,617,453200,-2.6,84.9,62805,69.3,107,0
1420,Sogn og Fjordane,Sogndal,8191,4498,4494,0.701200534,735.89,3.53,5811,0.709437187,695,432100,5.4,83,52826,72.5,428,1
1421,Sogn og Fjordane,Aurland,1764,1026,778,0.377192982,1376.27,0.63,824,0.467120181,543,438600,8.2,60.7,69957,70.9,133,0
1422,Sogn og Fjordane,Lærdal,2151,1219,948,0.493015612,1275.86,1.04,1135,0.527661553,563,442200,-0.7,120.2,66664,68.8,107,0
1424,Sogn og Fjordane,Årdal,5245,2761,2444,0.935530605,929.98,3.21,4929,0.939752145,606,467900,2.9,76.6,60095,66.4,182,1
1426,Sogn og Fjordane,Luster,5195,2700,2181,0.266666667,2600.63,2.43,2319,0.44639076,582,413900,0.9,85.1,62081,72.2,194,0
1428,Sogn og Fjordane,Askvoll,3038,1522,1302,0.200394218,312.85,0.68,743,0.244568795,524,424400,4.4,80,66287,68.1,125,0
1429,Sogn og Fjordane,Fjaler,2770,1515,1163,0.432343234,390.1,1.11,1186,0.428158845,584,396100,4,82.9,73040,65.8,133,0
1430,Sogn og Fjordane,Gaular,3027,1341,1146,0.205070843,539.56,0.63,888,0.293359762,608,433300,4.2,80.1,66289,72.1,107,0
1431,Sogn og Fjordane,Jølster,3047,1478,1255,0.462423832,619.61,1.64,1642,0.538890712,576,440200,-0.4,105.6,64507,74.2,108,0
1432,Sogn og Fjordane,Førde,13092,6291,5694,0.824988078,553.01,5.87,11127,0.849908341,752,479400,0.4,127.9,55564,73.8,695,1
1433,Sogn og Fjordane,Naustdal,2793,1328,1142,0.439759036,355.51,0.72,1222,0.437522377,625,431800,-0.6,141,66851,72,68,0
1438,Sogn og Fjordane,Bremanger,3705,1959,1588,0.490556406,787.21,2,2008,0.54197031,491,409500,7.1,77.8,70104,64.5,145,0
1439,Sogn og Fjordane,Vågsøy,5970,2790,2531,0.72078853,171.33,3.66,4749,0.795477387,632,457300,-0.2,133.6,60653,69.4,322,0
1441,Sogn og Fjordane,Selje,2747,1331,1135,0.369924812,219.89,1.36,1134,0.412813979,522,430800,7.7,92.9,65058,67.7,118,0
1443,Sogn og Fjordane,Eid,6151,2732,2498,0.563689605,420.22,2.91,3613,0.587384165,640,429000,-1.6,152.2,57555,71,279,0
1444,Sogn og Fjordane,Hornindal,1152,464,457,0.379310345,173.64,0.62,491,0.426215278,611,396700,-2.7,113.3,73975,75.9,59,0
1445,Sogn og Fjordane,Gloppen,5836,2780,2407,0.518011527,963.58,3.34,3141,0.538211103,637,423600,-0.3,110.4,64168,71,283,0
1449,Sogn og Fjordane,Stryn,7167,3562,2953,0.450589556,1325.94,3.21,3463,0.483186829,616,416000,2.5,93,60095,72.9,400,0
1502,Møre og Romsdal,Molde,27001,13225,12636,0.865406427,355.45,11.69,24210,0.896633458,774,458700,1.2,149.2,52254,67.8,1136,1
1504,Møre og Romsdal,Ålesund,47998,22571,22028,0.96140382,93.24,22.67,46456,0.967873661,827,474000,0.9,123.4,51324,69,2175,1
1505,Møre og Romsdal,Kristiansund,24274,11844,11454,0.918693009,86.16,11.03,22152,0.912581363,766,438100,-0.9,133,53162,61.6,916,1
1511,Møre og Romsdal,Vanylven,3163,1857,1380,0.105008078,365.29,0.67,509,0.160923174,551,422100,4.7,72.5,64472,66.3,147,0
1514,Møre og Romsdal,Sande (Møre og Romsdal),2493,1313,1095,0.308453922,90.17,0.84,902,0.361813077,572,434400,-1.1,107.8,65814,65.8,117,0
1515,Møre og Romsdal,Herøy (Møre og Romsdal),8927,3742,3748,0.718791767,118.02,6.04,6219,0.696650611,679,483700,0.1,131.6,54448,66.7,386,0
1516,Møre og Romsdal,Ulstein,8609,3766,3513,0.779075943,94.88,4.78,7064,0.820536648,732,458300,0.7,205.2,54303,67.2,367,0
1517,Møre og Romsdal,Hareid,5155,2193,2214,0.865937073,76.82,3.67,4502,0.873326867,698,425600,-0.3,92.7,55696,65.5,148,0
1519,Møre og Romsdal,Volda,9197,4658,4662,0.691498497,524.57,4.3,6948,0.755463738,727,406500,0.7,129,54535,65.2,316,0
1520,Møre og Romsdal,Ørsta,10857,5072,4608,0.654240631,785.04,6.15,7818,0.720088422,725,433400,0.3,110.6,54782,68.7,386,1
1523,Møre og Romsdal,Ørskog,2250,1057,982,0.633522727,129.24,1.4,1450,0.644444444,700,428700,-1.9,189,62958,67.8,98,0
1524,Møre og Romsdal,Norddal,1645,892,697,0,900.43,0,0,0,546,398700,-2.3,130.5,74604,72.2,100,0
1525,Møre og Romsdal,Stranda,4565,2191,1961,0.666362392,844.64,2.83,3239,0.709529025,629,426200,2.9,165.4,59980,72.9,243,0
1526,Møre og Romsdal,Stordal,947,531,402,0.595103578,243.63,0.7,618,0.652587117,620,388400,-1.5,122.8,81506,69.6,59,0
1528,Møre og Romsdal,Sykkylven,7657,3500,3200,0.723142857,328.54,5.19,5958,0.778111532,692,424700,0.3,96.7,54691,69.8,298,0
1529,Møre og Romsdal,Skodje,4764,2020,1932,0.700346706,110.74,2.18,3109,0.652602855,722,455400,3,110.8,54966,72.3,150,0
1531,Møre og Romsdal,Sula,9271,3844,3692,0.922395833,57.06,7.05,8716,0.940135908,743,448100,-1.3,135.7,55585,71.4,252,0
1532,Møre og Romsdal,Giske,8398,3448,3277,0.764791183,39.88,4.83,6881,0.819361753,720,479400,-0.5,165.5,53340,70.4,231,0
1534,Møre og Romsdal,Haram,9383,4375,4055,0.556342857,254.3,4.91,6234,0.664393051,653,445900,-0.4,134.8,54894,68,284,0
1535,Møre og Romsdal,Vestnes,6536,3233,2915,0.592638416,347.18,3.85,3788,0.579559364,653,427200,1.4,68.7,54877,66.8,275,0
1539,Møre og Romsdal,Rauma,7487,3372,3363,0.555456702,1441.96,4.27,4475,0.597702685,629,434900,0.9,122.6,58636,68.8,325,1
1543,Møre og Romsdal,Nesset,2956,1347,1298,0.396436526,985.58,1.52,1210,0.409336942,557,419300,1.5,125.7,62675,67.5,100,0
1545,Møre og Romsdal,Midsund,2019,994,882,0.288732394,93.89,0.69,583,0.28875681,573,447800,2.5,91.9,68606,66.8,91,1
1546,Møre og Romsdal,Sandøy,1238,679,565,0.419734904,21.36,0.59,479,0.386914378,466,498400,-1.6,210.3,74816,66.5,68,0
1547,Møre og Romsdal,Aukra,3539,1562,1455,0.398847631,58.99,1.59,1672,0.472449845,623,456600,22.8,71.1,59025,65.3,119,0
1548,Møre og Romsdal,Fræna,9800,4496,4198,0.523131673,361.99,4.47,5450,0.556122449,666,444500,0.5,90.5,56551,69.5,320,0
1551,Møre og Romsdal,Eide,3433,1606,1441,0.386674969,145.7,1.74,1390,0.404893679,638,445100,-6.1,112.8,60957,71.4,146,0
1554,Møre og Romsdal,Averøy,5849,2807,2545,0.177769861,172.87,2.07,1639,0.280218841,632,451600,3.2,105.5,55203,66.6,206,0
1557,Møre og Romsdal,Gjemnes,2641,1287,1136,0.184926185,371.07,0.75,621,0.235138205,595,420100,4.3,72.1,62303,67,99,0
1560,Møre og Romsdal,Tingvoll,3045,1564,1373,0.310741688,321.62,1.19,958,0.314614122,584,402600,4.3,93.8,66150,64.7,130,0
1563,Møre og Romsdal,Sunndal,7106,3661,3231,0.674952199,1647.99,3.92,4747,0.668027019,645,439000,-0.4,74.9,59099,65.2,260,1
1566,Møre og Romsdal,Surnadal,5928,2805,2576,0.437388512,1315.01,3.2,2809,0.473852901,615,400600,-2.3,81.2,58562,67.4,267,1
1571,Møre og Romsdal,Halsa,1574,817,707,0,292.29,0.34,211,0.134053367,510,403600,3.5,89.3,71470,63.7,73,0
1573,Møre og Romsdal,Smøla,2134,1073,1012,0,261.08,0,0,0,465,434700,11.5,92.6,67992,68.7,132,0
1576,Møre og Romsdal,Aure,3553,1873,1625,0.17351842,621.72,0.53,632,0.17787785,513,424000,4,77.7,71158,66,184,0
1804,Nordland,Bodø,52024,24874,24501,0.896228691,1310.98,16.18,47127,0.905870368,801,472300,0.6,129,52690,70.2,1872,1
1805,Nordland,Narvik,18630,9305,8824,0.897463457,1903.81,9.56,16732,0.89812131,711,436200,2.2,106.7,55409,64.4,780,0
1811,Nordland,Bindal,1450,820,635,0.341463415,1192.19,0.61,532,0.366896552,429,384300,13.7,72.9,76637,60.8,60,0
1812,Nordland,Sømna,2014,995,928,0.451612903,191.75,1.1,953,0.473187686,510,407200,3.7,74.8,71416,65.9,85,0
1813,Nordland,Brønnøy,7916,3790,3530,0.673878628,1000.05,3.95,5647,0.713365336,621,423600,4.4,106.5,60924,65.4,319,0
1815,Nordland,Vega,1232,656,568,0.213414634,162.54,0.48,329,0.267045455,413,395100,-1.1,134.8,74627,63.6,44,0
1816,Nordland,Vevelstad,497,297,227,0,516.24,0,0,0,381,430700,12.7,65.5,103304,59.9,31,0
1818,Nordland,Herøy (Nordland),1780,864,813,0.436342593,63.89,0.97,865,0.485955056,490,432500,12.7,129.3,68972,61.7,90,0
1820,Nordland,Alstahaug,7415,3422,3356,0.813559322,187.16,4.1,6052,0.816183412,668,425600,1.6,134.4,58021,64.4,341,0
1822,Nordland,Leirfjord,2320,1162,1003,0.269363167,451.02,0.72,732,0.315517241,568,397200,2.1,69.6,66651,64.4,74,0
1824,Nordland,Vefsn,13403,6659,6247,0.734945187,1838.16,6.31,9854,0.735208535,704,424300,0.8,110.9,56811,67.4,525,0
1825,Nordland,Grane,1493,787,689,0.502544529,1882.43,0.78,836,0.559946417,496,391800,6.5,60.5,73239,68.1,70,0
1826,Nordland,Hattfjelldal,1359,757,594,0.405548217,2411.12,0.72,542,0.398822664,456,362000,4.5,38.3,78675,67.9,93,0
1827,Nordland,Dønna,1391,963,630,0,186.31,0.3,273,0.196261682,430,475500,12.1,90.9,78212,63,67,0
1828,Nordland,Nesna,1792,1164,846,0.725085911,181.33,1.1,1332,0.743303571,520,386200,1.2,64,71540,64.2,81,0
1832,Nordland,Hemnes,4501,2271,2054,0.55438133,1430.08,2.79,2629,0.584092424,575,396000,-1,111,64850,63,175,0
1833,Nordland,Rana,26315,12094,11934,0.815859104,4203,13.84,21913,0.832718982,714,430600,5.5,110,53611,66.4,931,0
1834,Nordland,Lurøy,1904,1019,885,0.198233562,258.23,0.53,491,0.257878151,368,486500,18,37.7,98951,67.3,117,0
1835,Nordland,Træna,456,224,204,0.741071429,16.46,0.4,376,0.824561404,350,424200,8.9,83.9,102831,67.5,30,0
1836,Nordland,Rødøy,1238,723,526,0,685.82,0,0,0,355,403800,17.1,81.2,90102,68.3,76,0
1837,Nordland,Meløy,6331,3175,2834,0.557795276,798.07,3.75,3555,0.561522666,495,433700,5.2,76.2,64057,63.7,246,0
1838,Nordland,Gildeskål,1978,1057,945,0.3140965,622.27,0.74,658,0.332659252,485,412400,1.1,102.8,74965,63.2,119,0
1839,Nordland,Beiarn,1022,636,471,0,1178.74,0,0,0,454,364900,-3.8,100.3,82669,62.1,63,0
1840,Nordland,Saltdal,4657,2395,2108,0.501670844,2083.93,2.54,2587,0.555507838,606,407600,1.1,78.4,62073,65.4,188,0
1841,Nordland,Fauske - Fuosko,9760,4828,4489,0.717274234,1107.49,5.69,7197,0.737397541,681,424700,-2,158.5,54951,64.7,379,0
1845,Nordland,Sørfold,1975,1086,912,0.329335793,1472.08,1.07,885,0.448101266,563,403200,-0.9,64,71425,60.3,69,0
1848,Nordland,Steigen,2576,1346,1198,0,963.55,0,0,0,427,411300,9.3,98,70047,63,135,0
1849,Nordland,Hamarøy - Hábmer,1747,1052,865,0.253092293,924.72,0.68,547,0.313108185,437,412500,1.5,58,78730,63.9,90,0
1850,Nordland,Divtasvuodna - Tysfjord,1925,1067,889,0.584817245,1358.18,1.43,1155,0.6,423,390900,3.6,54.1,75435,57,74,0
1851,Nordland,Lødingen,2077,1126,996,0.709591474,507.66,1.51,1682,0.809821858,559,409600,0.5,114.7,72988,60.6,112,0
1852,Nordland,Tjeldsund,1259,672,588,0.269345238,310.15,0.6,301,0.239078634,510,398500,4.2,125.8,78196,62.2,55,0
1853,Nordland,Evenes,1387,688,635,0.466569767,241.59,0.86,740,0.533525595,545,383500,-2.8,47.1,77597,54.3,62,0
1854,Nordland,Ballangen,2470,1523,1145,0.261356155,846.38,0.97,844,0.341700405,523,378900,4.9,73.8,69148,54.8,87,0
1856,Nordland,Røst,508,299,256,0.685618729,9.78,0.59,354,0.696850394,387,474000,6.7,94.9,98565,69.9,40,0
1857,Nordland,Værøy,732,344,339,0.84548105,18.6,0.99,622,0.849726776,404,433400,1.1,77.1,88822,67.2,54,0
1859,Nordland,Flakstad,1292,656,579,0.134146341,169.07,0,0,0,477,453300,10.1,67.2,75478,64.6,68,0
1860,Nordland,Vestvågøy,11480,5578,5048,0.570224215,406.95,5.68,7205,0.62761324,637,423900,-0.2,88.3,56915,65.4,463,0
1865,Nordland,Vågan,9595,4764,4327,0.685348447,459.95,3.87,7100,0.739968734,644,441700,0.8,99,56508,67.2,506,1
1866,Nordland,Hadsel,8091,4301,3711,0.617906977,550.67,4.22,5639,0.696947225,601,421200,4.8,105.7,57344,63.3,272,1
1867,Nordland,Bø (Nordland),2616,1400,1291,0.352394568,234.87,1.25,966,0.369266055,534,379000,1.8,98.4,69753,58.7,113,0
1868,Nordland,Øksnes,4449,2211,2044,0.500904977,310.64,2.05,2387,0.536525062,568,431800,5.6,114,61274,64.2,221,0
1870,Nordland,Sortland - Suortá,10518,5227,4724,0.65620815,697.32,4.85,6998,0.665335615,683,432700,1.8,86.1,55812,66.2,537,1
1871,Nordland,Andøy,4771,2846,2257,0.635277583,616.71,2.07,3072,0.64389017,536,414500,2.7,88.1,62926,63.4,217,1
1874,Nordland,Moskenes,1039,639,494,0.661442006,110.47,0.89,748,0.719923003,462,443000,-5.9,108,79205,64.5,71,0
1902,Troms,Tromsø,76649,37984,38080,0.864021693,2473.71,23.14,68947,0.899515975,808,472000,-1.1,149.6,52088,71.4,2866,0
1903,Troms,Harstad - Hárstták,24827,12335,11527,0.826509931,428.43,11.3,21070,0.848672816,744,443700,4.1,132.6,55944,66,1095,1
1911,Troms,Kvæfjord,2858,1477,1296,0.558943089,497.3,1.39,1741,0.60916725,593,391700,5.2,55.3,71164,62.1,105,0
1913,Troms,Skånland,3009,1423,1331,0.342234715,464.77,1.39,1192,0.396144899,566,406000,4,101.8,67306,60.6,98,0
1917,Troms,Ibestad,1375,862,672,0.285382831,234.17,0.69,478,0.347636364,453,390000,14.4,100.1,78817,58.6,73,0
1919,Troms,Gratangen,1105,709,530,0,305.4,0,0,0,501,396100,2.8,75.8,81576,59.4,62,0
1920,Troms,Loabák - Lavangen,1042,501,437,0.253493014,296.11,0.39,292,0.280230326,516,376600,0.8,73,90519,58.3,38,0
1922,Troms,Bardu,4030,2307,1852,0.666666667,2515.52,2.99,2512,0.623325062,600,457100,-3.5,91.5,59936,72.8,138,0
1923,Troms,Salangen,2183,1190,1014,0.298319328,438.05,0.81,806,0.369216674,572,391900,4.5,89,67386,60.8,102,0
1924,Troms,Målselv,6805,3897,3078,0.530408006,3207.33,4.84,3800,0.558412932,602,451200,-0.2,104.4,58982,71.4,267,1
1925,Troms,Sørreisa,3489,1747,1525,0.377790498,346.91,1.8,1566,0.448839209,621,421700,-1,104.5,59975,66.6,117,0
1926,Troms,Dyrøy,1129,618,554,0,276.96,0,0,0,505,397400,6.9,78.4,86188,58.4,54,0
1927,Troms,Tranøy,1513,851,706,0,499.3,0.39,294,0.194315929,514,399500,4,62,81533,62,57,0
1928,Troms,Torsken,931,543,454,0.430939227,235.3,0.52,590,0.633727175,426,385400,3.4,72,91762,60.1,37,0
1929,Troms,Berg,888,537,420,0.243947858,276.35,0.38,294,0.331081081,453,427900,2.8,92.4,80769,68.2,58,0
1931,Troms,Lenvik,11679,5463,5064,0.550796266,848.77,4.84,6948,0.594913948,645,432000,2.6,99.6,61452,66.2,597,1
1933,Troms,Balsfjord,5625,2978,2589,0.249747899,1440.84,1.83,1526,0.271288889,571,397300,3.1,102.3,63442,65.4,198,0
1936,Troms,Karlsøy,2252,1261,1081,0.164948454,1050.71,0.49,458,0.203374778,448,405400,13.6,111.8,74740,62.8,98,0
1938,Troms,Lyngen,2847,1591,1261,0.217473287,795.68,1.3,1075,0.377590446,481,390200,2.1,192.4,77419,62.8,143,0
1939,Troms,Storfjord - Omasvuotna,1841,868,844,0.245391705,1477.79,0.97,525,0.285171103,523,403300,1.2,125.8,78954,62,104,0
1940,Troms,Gáivuotna - Kåfjord,2097,1272,950,0.135220126,950.39,0.85,559,0.266571292,446,380500,2.3,183.9,75338,63.2,111,0
1941,Troms,Skjervøy,2917,1294,1276,0.795981453,464.99,1.3,2512,0.861158725,570,403900,8.3,95.5,67349,66.1,125,0
1942,Troms,Nordreisa,4909,2340,2174,0.503418803,3336.17,2.38,2677,0.545324913,581,410000,1.8,99.5,61618,63.7,254,1
1943,Troms,Kvænangen,1202,811,555,0.241676942,2008.54,0.57,384,0.319467554,444,381800,12.5,123.5,93606,63.6,70,0
2002,Finnmark,Vardø,2081,1394,1105,0.977761836,585.59,1.46,2058,0.988947621,529,383100,2.9,144.4,74157,58.8,108,0
2003,Finnmark,Vadsø,5894,2962,2725,0.897366644,1233.74,4.11,5404,0.916864608,643,419300,1,187.3,62878,64.7,300,0
2004,Finnmark,Hammerfest,10536,5262,4921,0.948308628,818.69,4.51,10122,0.96070615,700,467300,6.7,183.8,62483,70.3,474,1
2011,Finnmark,Guovdageaidnu - Kautokeino,2924,1286,1115,0.53618677,8968.86,2.49,1462,0.5,494,355600,6.1,62.4,77096,68.5,129,0
2012,Finnmark,Alta,20665,9015,8855,0.789204229,3652.76,10.42,16652,0.80580692,721,443100,1.4,111.5,62475,67.7,1027,1
2014,Finnmark,Loppa,917,676,472,0.396449704,670.93,0.34,485,0.528898582,377,377200,18.2,25.4,104137,59.6,56,0
2015,Finnmark,Hasvik,1045,646,516,0.625776398,534.04,0.85,716,0.685167464,368,383700,6.1,43.7,88780,59.6,58,0
2017,Finnmark,Kvalsund,988,598,481,0.269230769,1739.35,0.29,296,0.299595142,468,398200,6.3,93.6,98008,57.4,56,0
2018,Finnmark,Måsøy,1235,645,613,0.801242236,1067.49,0.63,1007,0.815384615,415,428800,12.2,75.3,85424,61.5,79,0
2019,Finnmark,Nordkapp,3218,1745,1559,0.845845272,891.59,1.24,2869,0.891547545,535,429700,7,96.2,67012,64.1,171,1
2020,Finnmark,Porsanger - Porsángu,3944,2264,1882,0.469288555,4640.29,2.33,2268,0.57505071,567,415800,-5.4,85.2,64311,63,241,1
2021,Finnmark,Kárásjohka - Karasjok,2673,1236,1118,0.693365696,5209.46,2.2,1847,0.690983913,573,388000,-3.3,85.4,72499,68.4,128,0
2022,Finnmark,Lebesby,1328,695,650,0.635971223,3232.32,0.44,925,0.696536145,440,411200,8.5,102,92474,62.4,83,0
2023,Finnmark,Gamvik,1169,707,584,0.611032532,1354.87,0.77,1012,0.865697177,413,394700,0,112,83473,61.8,72,0
2024,Finnmark,Berlevåg,981,657,492,0.882621951,1082.77,0.69,929,0.946992864,441,426900,1.3,170.5,91375,63.9,63,0
2025,Finnmark,Deatnu - Tana,2900,1659,1368,0.227382388,3831.88,1.02,757,0.261034483,501,413900,-1.3,132.3,74629,64.5,167,0
2027,Finnmark,Unjárga - Nesseby,941,557,441,0,1365.93,0,0,0,483,384100,5.9,83,96270,60.7,48,0
2028,Finnmark,Båtsfjord,2270,1120,1061,0.983035714,1416,1.44,2227,0.981057269,552,419800,1.2,95.4,70470,64.7,130,0
2030,Finnmark,Sør-Varanger,10156,5154,4701,0.727202173,3458.7,5.43,8064,0.794013391,640,425500,2.5,135.7,60605,67.9,460,1
5001,Trøndelag,Trondheim,196159,99753,103043,0.970316385,321.64,60.28,190400,0.970641164,898,465200,1.8,108.6,49237,67.7,6734,0
5004,Trøndelag,Steinkjer,22090,10092,10105,0.648533492,1422.7,9.21,14476,0.655319149,736,408400,2.1,121.8,54570,64.7,937,1
5005,Trøndelag,Namsos,13113,5971,5904,0.811924301,751.16,6.9,10719,0.817433082,723,430700,1.3,87.9,57614,67.1,606,0
5011,Trøndelag,Hemne,4228,2034,1851,0.581120944,635.13,2.26,2518,0.595553453,638,434000,-3.2,68.1,58045,68.3,176,1
5012,Trøndelag,Snillfjord,999,547,467,0,488.96,0,0,0,559,443100,11.3,74,76950,72,52,0
5013,Trøndelag,Hitra,4694,2528,2238,0.252768987,643.88,1.43,1407,0.299744354,562,424900,8.4,155.5,57327,67.2,247,0
5014,Trøndelag,Frøya,5068,2212,2295,0.261818182,229.9,1.62,1582,0.312154696,559,523500,8.9,171.6,61254,69.6,206,0
5015,Trøndelag,Ørland,5334,2706,2461,0.583518108,73.15,3.11,3389,0.63535808,646,441600,3.3,176.8,55888,67.9,223,0
5016,Trøndelag,Agdenes,1693,899,758,0.22246941,296.52,0.48,400,0.236266982,587,402800,6,46.1,75908,68.2,58,0
5017,Trøndelag,Bjugn,4904,2560,2288,0.357952325,355.85,1.74,1828,0.372756933,591,423400,6.8,122.2,59659,64.3,164,0
5018,Trøndelag,Åfjord,3340,1621,1521,0.348550278,895.35,1.38,1222,0.365868263,546,419600,4.8,115.2,62005,68.5,166,0
5019,Trøndelag,Roan,957,561,440,0,355.24,0,0,0,433,420500,16.8,86.6,78662,70.2,63,0
5020,Trøndelag,Osen,947,638,445,0,369.61,0,0,0,462,393500,9.9,72.6,84502,64.4,74,0
5021,Trøndelag,Oppdal,6975,3226,3099,0.595784253,2201.46,3.64,4324,0.619928315,668,418800,4.3,54.3,55362,68.6,362,1
5022,Trøndelag,Rennebu,2501,1282,1134,0.3625,923.82,1.32,989,0.395441823,606,384900,4.2,91,65329,65.4,103,0
5023,Trøndelag,Meldal,3905,1962,1789,0.5382263,592.2,2.85,2219,0.568245839,641,399100,3.5,81.7,60372,64.4,131,0
5024,Trøndelag,Orkdal,12086,5548,5366,0.708002884,564.46,6.5,8680,0.718186331,779,433700,4,116.1,53677,66.7,452,0
5025,Trøndelag,Røros,5610,2940,2647,0.673809524,1756.37,3.22,3851,0.686452763,669,412300,2.6,84.4,57031,69.5,307,1
5026,Trøndelag,Holtålen,2025,1258,897,0.235294118,1170.46,0.79,623,0.307654321,532,388400,3.7,122,63652,66.1,85,0
5027,Trøndelag,Midtre Gauldal,6246,2999,2661,0.367455819,1803.31,2.73,2621,0.419628562,662,408700,2.7,97.5,57809,72.7,304,0
5028,Trøndelag,Melhus,16562,6999,6912,0.618516931,653.28,6.04,10512,0.634705953,778,437300,2,123.9,52868,69.3,471,0
5029,Trøndelag,Skaun,8231,3291,3300,0.60741416,213.18,2.97,5387,0.654476977,745,450400,0.4,131.1,53841,72.5,155,0
5030,Trøndelag,Klæbu,6076,2403,2402,0.736579276,174.8,2.06,4603,0.75757077,793,446500,0.9,105.8,54170,70,144,0
5031,Trøndelag,Malvik,14040,5599,5601,0.844793713,161.87,5.7,12275,0.874287749,813,475800,2.3,146.4,51572,68.5,283,0
5032,Trøndelag,Selbu,4088,2130,1802,0.276525822,1139.94,1.34,1229,0.300636008,663,412700,-0.6,81.7,37368,70.2,144,0
5033,Trøndelag,Tydal,794,445,363,0,1217.23,0,0,0,504,418600,3.5,61.7,80533,73.5,65,0
5034,Trøndelag,Meråker,2432,1388,1147,0.381398702,1188.06,1.42,1038,0.426809211,629,372500,1.3,128,66966,61.2,99,0
5035,Trøndelag,Stjørdal,24028,10349,10266,0.701198299,913.46,9.42,16775,0.698143832,799,437000,3.1,126.2,39063,66.5,834,0
5036,Trøndelag,Frosta,2632,1371,1127,0,74.28,0.54,594,0.225683891,649,387000,-1.7,87.3,62195,66,119,0
5037,Trøndelag,Levanger,20254,9125,9127,0.678649715,609.74,7.33,13469,0.665004444,762,431700,-0.6,155,52715,67.9,652,0
5038,Trøndelag,Verdal,14933,6862,6633,0.691489362,1477.01,6.99,10113,0.677224938,750,405300,-0.4,124.3,53973,64.2,496,1
5039,Trøndelag,Verran,2449,1305,1139,0.635249042,558.15,1.9,1628,0.664761127,585,366400,1.4,126.2,65348,58.7,85,0
5040,Trøndelag,Namdalseid,1576,807,703,0.182156134,734.68,0.3,355,0.225253807,575,393100,4.2,118,77643,66.9,83,0
5041,Trøndelag,Snåase - Snåsa,2100,1156,907,0.307093426,2150.04,0.86,681,0.324285714,546,386600,-3.5,87.2,67369,69.1,128,0
5042,Trøndelag,Lierne,1386,812,596,0.162762022,2631.19,0.39,244,0.176046176,422,399200,2,82.8,83325,69.3,109,0
5043,Trøndelag,Raarvihke - Røyrvik,482,274,208,0.49270073,1330.75,0.38,250,0.518672199,419,402900,-0.7,120.9,103413,73.4,43,0
5044,Trøndelag,Namsskogan,871,518,392,0.237451737,1353.27,0.3,237,0.272101033,436,390300,3.8,88.8,92417,65.9,59,0
5045,Trøndelag,Grong,2374,1318,1119,0.554628225,1097.64,1.5,1313,0.553074979,581,414600,2,118.8,69785,68.9,141,0
5046,Trøndelag,Høylandet,1254,656,523,0.270229008,702.64,0.43,333,0.265550239,541,407900,1.7,65.8,84978,73.1,74,0
5047,Trøndelag,Overhalla,3879,1706,1562,0.443661972,689.42,1.81,1875,0.483372003,638,434300,1.1,115.8,61716,71.8,160,0
5048,Trøndelag,Fosnes,605,358,286,0,473.43,0,0,0,486,368500,5.2,123.3,94747,66,47,0
5049,Trøndelag,Flatanger,1103,576,490,0.352430556,433.52,0.56,491,0.445149592,478,416000,21.4,110.1,73480,69.9,79,0
5050,Trøndelag,Vikna,4578,2046,1982,0.652322738,311.18,1.86,3204,0.699868938,612,464600,11.4,109,61861,69.6,210,0
5051,Trøndelag,Nærøy,5072,2617,2257,0.326709973,1013.89,1.55,1931,0.380717666,547,424100,14,100.8,62671,66.8,245,0
5052,Trøndelag,Leka,567,410,270,0,108.33,0,0,0,406,402600,22.8,49.6,96330,63.8,53,0
5053,Trøndelag,Inderøy,6804,3169,2858,0.46875,351.14,2.89,3301,0.485155791,676,413800,1.8,108.9,58928,65.2,236,0
5054,Trøndelag,Indre Fosen,9988,4958,4408,0.36614888,987.55,3.32,3544,0.354825791,629,405600,1.5,146,62727,65.8,383,0
1567,Trøndelag,Rindal,2028,925,847,0.328648649,611.94,0.86,701,0.34566075,603,399000,-0.5,79.4,65651,68.7,87,0
